Enes,Shehu,Enes Shehu,enesshehu,1111,Finance,Statistics,Financial Accounting,Money and Banking,C#,Photography
Saida,Jonuzaj,Saida Jonuzaj,saidajonuzaj,1112,Accounting,Financial Accounting,Intro to Micro
Viola,Guce,Viola Guce,violaguce,1113,Information Systems,Physics,Financial Accounting,Intro to Micro
Eda,Godo,Eda Godo,edagodo,1114,Computer Science,Calculus,Java,C#,Data Structure
Vladimir,Hoxha,Vladimir Hoxha,vladimirhoxha,1115,Computer Science,Calculus,Photography,Physics
Besmira,Lala,Besmira Lala,besmiralala,1116,Information Systems,Biology,Photography,Physics,C#,Java
Loksi,Papa,Loksi Papa,loksipapa,1117,Computer Science,Java,Calculus,Physics,Intro to Psychology
Dajna,Nako,Dajna Nako,dajnanako,1119,Information Systems,System Analysis,Calculus
Endi,Trico,Endi Trico,enditrico,1110,Computer Science,Calculus
Deina,Sulaj,Deina Sulaj,deinasulaj,1144,Finance
